date,wtd
2012/01/01 00:00:00,2.06
2012/01/01 08:00:00,2.06
2012/01/01 16:00:00,2.06
2012/01/02 00:00:00,2.06
2012/01/02 08:00:00,2.06
2012/01/02 16:00:00,2.06
2012/01/03 00:00:00,2.06
2012/01/03 08:00:00,2.06
2012/01/03 16:00:00,2.06
2012/01/04 00:00:00,2.07
2012/01/04 08:00:00,2.07
2012/01/04 16:00:00,2.07
2012/01/05 00:00:00,2.07
2012/01/05 08:00:00,2.07
2012/01/05 16:00:00,2.07
2012/01/06 00:00:00,2.07
2012/01/06 08:00:00,2.07
2012/01/06 16:00:00,2.07
2012/01/07 00:00:00,2.08
2012/01/07 08:00:00,2.07
2012/01/07 16:00:00,2.08
2012/01/08 00:00:00,2.08
2012/01/08 08:00:00,2.08
2012/01/08 16:00:00,2.08
2012/01/09 00:00:00,2.08
2012/01/09 08:00:00,2.08
2012/01/09 16:00:00,2.08
2012/01/10 00:00:00,2.08
2012/01/10 08:00:00,2.08
2012/01/10 16:00:00,2.08
2012/01/11 00:00:00,2.09
2012/01/11 08:00:00,2.09
2012/01/11 16:00:00,2.09
2012/01/12 00:00:00,2.09
2012/01/12 08:00:00,2.09
2012/01/12 16:00:00,2.09
2012/01/13 00:00:00,2.09
2012/01/13 08:00:00,2.09
2012/01/13 16:00:00,2.09
2012/01/14 00:00:00,2.09
2012/01/14 08:00:00,2.09
2012/01/14 16:00:00,2.09
2012/01/15 00:00:00,2.09
2012/01/15 08:00:00,2.1
2012/01/15 16:00:00,2.1
2012/01/16 00:00:00,2.1
2012/01/16 08:00:00,2.1
2012/01/16 16:00:00,2.1
2012/01/17 00:00:00,2.1
2012/01/17 08:00:00,2.1
2012/01/17 16:00:00,2.1
2012/01/18 00:00:00,2.1
2012/01/18 08:00:00,2.1
2012/01/18 16:00:00,2.1
2012/01/19 00:00:00,2.11
2012/01/19 08:00:00,2.11
2012/01/19 16:00:00,2.11
2012/01/20 00:00:00,2.11
2012/01/20 08:00:00,2.11
2012/01/20 16:00:00,2.11
2012/01/21 00:00:00,2.11
2012/01/21 08:00:00,2.11
2012/01/21 16:00:00,2.11
2012/01/22 00:00:00,2.11
2012/01/22 08:00:00,2.11
2012/01/22 16:00:00,2.11
2012/01/23 00:00:00,2.11
2012/01/23 08:00:00,2.11
2012/01/23 16:00:00,2.12
2012/01/24 00:00:00,2.11
2012/01/24 08:00:00,2.12
2012/01/24 16:00:00,2.12
2012/01/25 00:00:00,2.12
2012/01/25 08:00:00,2.12
2012/01/25 16:00:00,2.12
2012/01/26 00:00:00,2.12
2012/01/26 08:00:00,2.12
2012/01/26 16:00:00,2.12
2012/01/27 00:00:00,2.12
2012/01/27 08:00:00,2.12
2012/01/27 16:00:00,2.12
2012/01/28 00:00:00,2.13
2012/01/28 08:00:00,2.13
2012/01/28 16:00:00,2.13
2012/01/29 00:00:00,2.12
2012/01/29 08:00:00,2.12
2012/01/29 16:00:00,2.11
2012/01/30 00:00:00,2.1
2012/01/30 08:00:00,2.1
2012/01/30 16:00:00,2.1
2012/01/31 00:00:00,2.1
2012/01/31 08:00:00,2.1
2012/01/31 16:00:00,2.1
2012/02/01 00:00:00,2.1
2012/02/01 08:00:00,2.1
2012/02/01 16:00:00,2.1
2012/02/02 00:00:00,2.1
2012/02/02 08:00:00,2.1
2012/02/02 16:00:00,2.1
2012/02/03 00:00:00,2.1
2012/02/03 08:00:00,2.1
2012/02/03 16:00:00,2.1
2012/02/04 00:00:00,2.1
2012/02/04 08:00:00,2.1
2012/02/04 16:00:00,2.1
2012/02/05 00:00:00,2.11
2012/02/05 08:00:00,2.11
2012/02/05 16:00:00,2.11
2012/02/06 00:00:00,2.11
2012/02/06 08:00:00,2.11
2012/02/06 16:00:00,2.11
2012/02/07 00:00:00,2.11
2012/02/07 08:00:00,2.11
2012/02/07 16:00:00,2.11
2012/02/08 00:00:00,2.11
2012/02/08 08:00:00,2.11
2012/02/08 16:00:00,2.12
2012/02/09 00:00:00,2.12
2012/02/09 08:00:00,2.12
2012/02/09 16:00:00,2.12
2012/02/10 00:00:00,2.12
2012/02/10 08:00:00,2.12
2012/02/10 16:00:00,2.12
2012/02/11 00:00:00,2.13
2012/02/11 08:00:00,2.13
2012/02/11 16:00:00,2.13
2012/02/12 00:00:00,2.13
2012/02/12 08:00:00,2.13
2012/02/12 16:00:00,2.13
2012/02/13 00:00:00,2.13
2012/02/13 08:00:00,2.13
2012/02/13 16:00:00,2.13
2012/02/14 00:00:00,2.13
2012/02/14 08:00:00,2.13
2012/02/14 16:00:00,2.13
2012/02/15 00:00:00,2.13
2012/02/15 08:00:00,2.13
2012/02/15 16:00:00,2.13
2012/02/16 00:00:00,2.13
2012/02/16 08:00:00,2.13
2012/02/16 16:00:00,2.13
2012/02/17 00:00:00,2.13
2012/02/17 08:00:00,2.13
2012/02/17 16:00:00,2.14
2012/02/18 00:00:00,2.13
2012/02/18 08:00:00,2.13
2012/02/18 16:00:00,2.13
2012/02/19 00:00:00,2.13
2012/02/19 08:00:00,2.13
2012/02/19 16:00:00,2.13
2012/02/20 00:00:00,2.13
2012/02/20 08:00:00,2.12
2012/02/20 16:00:00,2.12
2012/02/21 00:00:00,2.12
2012/02/21 08:00:00,2.12
2012/02/21 16:00:00,2.11
2012/02/22 00:00:00,2.11
2012/02/22 08:00:00,2.11
2012/02/22 16:00:00,2.11
2012/02/23 00:00:00,2.11
2012/02/23 08:00:00,2.11
2012/02/23 16:00:00,2.11
2012/02/24 00:00:00,2.11
2012/02/24 08:00:00,2.11
2012/02/24 16:00:00,2.11
2012/02/25 00:00:00,2.1
2012/02/25 08:00:00,2.1
2012/02/25 16:00:00,2.1
2012/02/26 00:00:00,2.1
2012/02/26 08:00:00,2.1
2012/02/26 16:00:00,2.1
2012/02/27 00:00:00,2.1
2012/02/27 08:00:00,2.1
2012/02/27 16:00:00,2.1
2012/02/28 00:00:00,2.1
2012/02/28 08:00:00,2.1
2012/02/29 08:00:00,2.22
2012/02/29 16:00:00,2.22
2012/03/01 00:00:00,2.22
2012/03/01 08:00:00,2.22
2012/03/01 16:00:00,2.23
2012/03/02 00:00:00,2.23
2012/03/02 08:00:00,2.23
2012/03/02 16:00:00,2.23
2012/03/03 00:00:00,2.23
2012/03/03 08:00:00,2.23
2012/03/03 16:00:00,2.23
2012/03/04 00:00:00,2.23
2012/03/04 08:00:00,2.23
2012/03/04 16:00:00,2.24
2012/03/05 00:00:00,2.24
2012/03/05 08:00:00,2.23
2012/03/05 16:00:00,2.21
2012/03/06 00:00:00,2.14
2012/03/06 08:00:00,2.1
2012/03/06 16:00:00,2.07
2012/03/07 00:00:00,2.06
2012/03/07 08:00:00,2.05
2012/03/07 16:00:00,2.05
2012/03/08 00:00:00,2.05
2012/03/08 08:00:00,2.04
2012/03/08 16:00:00,2.04
2012/03/09 00:00:00,2.04
2012/03/09 08:00:00,2.04
2012/03/09 16:00:00,2.05
2012/03/10 00:00:00,2.04
2012/03/10 08:00:00,2.05
2012/03/10 16:00:00,2.05
2012/03/11 00:00:00,2.05
2012/03/11 08:00:00,2.05
2012/03/11 16:00:00,2.06
2012/03/12 00:00:00,2.06
2012/03/12 08:00:00,2.06
2012/03/12 16:00:00,2.06
2012/03/13 00:00:00,2.07
2012/03/13 08:00:00,2.07
2012/03/13 16:00:00,2.08
2012/03/14 00:00:00,2.08
2012/03/14 08:00:00,2.08
2012/03/14 16:00:00,2.09
2012/03/15 00:00:00,2.09
2012/03/15 08:00:00,2.09
2012/03/15 16:00:00,2.1
2012/03/16 00:00:00,2.1
2012/03/16 08:00:00,2.11
2012/03/16 16:00:00,2.11
2012/03/17 00:00:00,2.11
2012/03/17 08:00:00,2.11
2012/03/17 16:00:00,2.11
2012/03/18 00:00:00,2.12
2012/03/18 08:00:00,2.12
2012/03/18 16:00:00,2.12
2012/03/19 00:00:00,2.12
2012/03/19 08:00:00,2.13
2012/03/19 16:00:00,2.13
2012/03/20 00:00:00,2.13
2012/03/20 08:00:00,2.14
2012/03/20 16:00:00,2.14
2012/03/21 00:00:00,2.14
2012/03/21 08:00:00,2.14
2012/03/21 16:00:00,2.14
2012/03/22 00:00:00,2.15
2012/03/22 08:00:00,2.15
2012/03/22 16:00:00,2.15
2012/03/23 00:00:00,2.15
2012/03/23 08:00:00,2.16
2012/03/23 16:00:00,2.16
2012/03/24 00:00:00,2.16
2012/03/24 08:00:00,2.16
2012/03/24 16:00:00,2.16
2012/03/25 00:00:00,2.16
2012/03/25 08:00:00,2.17
2012/03/25 16:00:00,2.17
2012/03/26 00:00:00,2.17
2012/03/26 08:00:00,2.17
2012/03/26 16:00:00,2.17
2012/03/27 00:00:00,2.18
2012/03/27 08:00:00,2.18
2012/03/27 16:00:00,2.18
2012/03/28 00:00:00,2.18
2012/03/28 08:00:00,2.18
2012/03/28 16:00:00,2.18
2012/03/29 00:00:00,2.18
2012/03/29 08:00:00,2.19
2012/03/29 16:00:00,2.19
2012/03/30 00:00:00,2.19
2012/03/30 08:00:00,2.19
2012/03/30 16:00:00,2.19
2012/03/31 00:00:00,2.19
2012/03/31 08:00:00,2.19
2012/03/31 16:00:00,2.19
2012/04/01 00:00:00,2.19
2012/04/01 08:00:00,2.2
2012/04/01 16:00:00,2.2
2012/04/02 00:00:00,2.2
2012/04/02 08:00:00,2.2
2012/04/02 16:00:00,2.2
2012/04/03 00:00:00,2.2
2012/04/03 08:00:00,2.2
2012/04/03 16:00:00,2.2
2012/04/04 00:00:00,2.2
2012/04/04 08:00:00,2.21
2012/04/04 16:00:00,2.21
2012/04/05 00:00:00,2.21
2012/04/05 08:00:00,2.17
2012/04/05 16:00:00,2.16
2012/04/06 00:00:00,2.17
2012/04/06 08:00:00,2.17
2012/04/06 16:00:00,2.17
2012/04/07 00:00:00,2.18
2012/04/07 08:00:00,2.18
2012/04/07 16:00:00,2.18
2012/04/08 00:00:00,2.18
2012/04/08 08:00:00,2.18
2012/04/08 16:00:00,2.18
2012/04/09 00:00:00,2.18
2012/04/09 08:00:00,2.18
2012/04/09 16:00:00,2.19
2012/04/10 00:00:00,2.19
2012/04/10 08:00:00,2.19
2012/04/10 16:00:00,2.19
2012/04/11 00:00:00,2.18
2012/04/11 08:00:00,2.16
2012/04/11 16:00:00,2.1
2012/04/12 00:00:00,2.08
2012/04/12 08:00:00,2.07
2012/04/12 16:00:00,2.05
2012/04/13 00:00:00,2.03
2012/04/13 08:00:00,2.02
2012/04/13 16:00:00,2.0
2012/04/14 00:00:00,2.01
2012/04/14 08:00:00,2.02
2012/04/14 16:00:00,1.99
2012/04/15 00:00:00,1.97
2012/04/15 08:00:00,1.95
2012/04/15 16:00:00,1.92
2012/04/16 00:00:00,1.89
2012/04/16 08:00:00,1.87
2012/04/16 16:00:00,1.85
2012/04/17 00:00:00,1.83
2012/04/17 08:00:00,1.82
2012/04/17 16:00:00,1.81
2012/04/18 00:00:00,1.8
2012/04/18 08:00:00,1.79
2012/04/18 16:00:00,1.78
2012/04/19 00:00:00,1.77
2012/04/19 08:00:00,1.76
2012/04/19 16:00:00,1.75
2012/04/20 00:00:00,1.74
2012/04/20 08:00:00,1.73
2012/04/20 16:00:00,1.73
2012/04/21 00:00:00,1.72
2012/04/21 08:00:00,1.72
2012/04/21 16:00:00,1.71
2012/04/22 00:00:00,1.7
2012/04/22 08:00:00,1.7
2012/04/22 16:00:00,1.69
2012/04/23 00:00:00,1.69
2012/04/23 08:00:00,1.69
2012/04/23 16:00:00,1.69
2012/04/24 00:00:00,1.68
2012/04/24 08:00:00,1.67
2012/04/24 16:00:00,1.67
2012/04/25 00:00:00,1.67
2012/04/25 08:00:00,1.67
2012/04/25 16:00:00,1.67
2012/04/26 00:00:00,1.66
2012/04/26 08:00:00,1.66
2012/04/26 16:00:00,1.65
2012/04/27 00:00:00,1.65
2012/04/27 08:00:00,1.64
2012/04/27 16:00:00,1.64
2012/04/28 00:00:00,1.64
2012/04/28 08:00:00,1.63
2012/04/28 16:00:00,1.63
2012/04/29 00:00:00,1.63
2012/04/29 08:00:00,1.63
2012/04/29 16:00:00,1.63
2012/04/30 00:00:00,1.63
2012/04/30 08:00:00,1.63
2012/04/30 16:00:00,1.63
2012/05/01 00:00:00,1.62
2012/05/01 08:00:00,1.6
2012/05/01 16:00:00,1.59
2012/05/02 00:00:00,1.52
2012/05/02 08:00:00,1.48
2012/05/02 16:00:00,1.47
2012/05/03 00:00:00,1.47
2012/05/03 08:00:00,1.47
2012/05/03 16:00:00,1.47
2012/05/04 00:00:00,1.47
2012/05/04 08:00:00,1.48
2012/05/04 16:00:00,1.48
2012/05/05 00:00:00,1.48
2012/05/05 08:00:00,1.48
2012/05/05 16:00:00,1.48
2012/05/06 00:00:00,1.47
2012/05/06 08:00:00,1.47
2012/05/06 16:00:00,1.47
2012/05/07 00:00:00,1.47
2012/05/07 08:00:00,1.47
2012/05/07 16:00:00,1.47
2012/05/08 00:00:00,1.47
2012/05/08 08:00:00,1.46
2012/05/08 16:00:00,1.46
2012/05/09 00:00:00,1.46
2012/05/09 08:00:00,1.46
2012/05/09 16:00:00,1.46
2012/05/10 00:00:00,1.46
2012/05/10 08:00:00,1.46
2012/05/10 16:00:00,1.46
2012/05/11 00:00:00,1.46
2012/05/11 08:00:00,1.46
2012/05/11 16:00:00,1.46
2012/05/12 00:00:00,1.46
2012/05/12 08:00:00,1.46
2012/05/12 16:00:00,1.46
2012/05/13 00:00:00,1.46
2012/05/13 08:00:00,1.46
2012/05/13 16:00:00,1.47
2012/05/14 00:00:00,1.47
2012/05/14 08:00:00,1.47
2012/05/14 16:00:00,1.47
2012/05/15 00:00:00,1.48
2012/05/15 08:00:00,1.48
2012/05/15 16:00:00,1.49
2012/05/16 00:00:00,1.49
2012/05/16 08:00:00,1.5
2012/05/16 16:00:00,1.51
2012/05/17 00:00:00,1.51
2012/05/17 08:00:00,1.52
2012/05/17 16:00:00,1.52
2012/05/18 00:00:00,1.52
2012/05/18 08:00:00,1.53
2012/05/18 16:00:00,1.53
2012/05/19 00:00:00,1.53
2012/05/19 08:00:00,1.54
2012/05/19 16:00:00,1.54
2012/05/20 00:00:00,1.54
2012/05/20 08:00:00,1.54
2012/05/20 16:00:00,1.54
2012/05/21 00:00:00,1.53
2012/05/21 08:00:00,1.48
2012/05/21 16:00:00,1.38
2012/05/22 00:00:00,1.37
2012/05/22 08:00:00,1.37
2012/05/22 16:00:00,1.38
2012/05/23 00:00:00,1.39
2012/05/23 08:00:00,1.41
2012/05/23 16:00:00,1.42
2012/05/24 00:00:00,1.42
2012/05/24 08:00:00,1.43
2012/05/24 16:00:00,1.45
2012/05/25 00:00:00,1.45
2012/05/25 08:00:00,1.45
2012/05/25 16:00:00,1.46
2012/05/26 00:00:00,1.47
2012/05/26 08:00:00,1.47
2012/05/26 16:00:00,1.47
2012/05/27 00:00:00,1.48
2012/05/27 08:00:00,1.48
2012/05/27 16:00:00,1.49
2012/05/28 00:00:00,1.49
2012/05/28 08:00:00,1.49
2012/05/28 16:00:00,1.5
2012/05/29 00:00:00,1.5
2012/05/29 08:00:00,1.5
2012/05/29 16:00:00,1.51
2012/05/30 00:00:00,1.51
2012/05/30 08:00:00,1.51
2012/05/31 16:00:00,1.51
2012/06/01 00:00:00,1.51
2012/06/01 08:00:00,1.51
2012/06/01 16:00:00,1.51
2012/06/02 00:00:00,1.52
2012/06/02 08:00:00,1.51
2012/06/02 16:00:00,1.52
2012/06/03 00:00:00,1.52
2012/06/03 08:00:00,1.51
2012/06/03 16:00:00,1.51
2012/06/04 00:00:00,1.5
2012/06/04 08:00:00,1.49
2012/06/04 16:00:00,1.48
2012/06/05 00:00:00,1.48
2012/06/05 08:00:00,1.47
2012/06/05 16:00:00,1.47
2012/06/06 00:00:00,1.47
2012/06/06 08:00:00,1.47
2012/06/06 16:00:00,1.47
2012/06/07 00:00:00,1.46
2012/06/07 08:00:00,1.46
2012/06/07 16:00:00,1.46
2012/06/08 00:00:00,1.46
2012/06/08 08:00:00,1.46
2012/06/08 16:00:00,1.45
2012/06/09 00:00:00,1.45
2012/06/09 08:00:00,1.45
2012/06/09 16:00:00,1.44
2012/06/10 00:00:00,1.44
2012/06/10 08:00:00,1.44
2012/06/10 16:00:00,1.43
2012/06/11 00:00:00,1.42
2012/06/11 16:00:00,1.41
2012/06/12 00:00:00,1.4
2012/06/12 08:00:00,1.35
2012/06/12 16:00:00,1.34
2012/06/13 00:00:00,1.34
2012/06/13 08:00:00,1.35
2012/06/13 16:00:00,1.35
2012/06/14 08:00:00,1.33
2012/06/14 16:00:00,1.33
2012/06/15 00:00:00,1.33
2012/06/15 16:00:00,1.33
2012/06/16 16:00:00,1.34
2012/06/17 08:00:00,1.35
2012/06/17 16:00:00,1.35
2012/06/18 00:00:00,1.36
2012/06/18 08:00:00,1.36
2012/06/18 16:00:00,1.36
2012/06/19 00:00:00,1.36
2012/06/19 08:00:00,1.36
2012/06/19 16:00:00,1.38
2012/06/20 00:00:00,1.38
2012/06/20 08:00:00,1.37
2012/06/20 16:00:00,1.36
2012/06/21 00:00:00,1.32
2012/06/21 08:00:00,1.24
2012/06/21 16:00:00,1.07
2012/06/22 00:00:00,1.0
2012/06/22 08:00:00,1.0
2012/06/22 16:00:00,1.06
2012/06/23 00:00:00,1.12
2012/06/23 08:00:00,1.14
2012/06/23 16:00:00,1.16
2012/06/24 00:00:00,1.17
2012/06/24 08:00:00,1.18
2012/06/24 16:00:00,1.19
2012/06/25 00:00:00,1.21
2012/06/25 08:00:00,1.21
2012/06/25 16:00:00,1.22
2012/06/26 00:00:00,1.21
2012/06/26 08:00:00,1.21
2012/06/26 16:00:00,1.19
2012/06/27 00:00:00,1.22
2012/06/27 08:00:00,1.22
2012/06/27 16:00:00,1.23
2012/06/28 00:00:00,1.24
2012/06/28 08:00:00,1.24
2012/06/28 16:00:00,1.25
2012/06/29 00:00:00,1.27
2012/06/29 08:00:00,1.28
2012/06/29 16:00:00,1.29
2012/06/30 00:00:00,1.3
2012/06/30 08:00:00,1.3
2012/06/30 16:00:00,1.28
2012/07/01 00:00:00,1.3
2012/07/01 08:00:00,1.29
2012/07/01 16:00:00,1.31
2012/07/02 00:00:00,1.31
2012/07/02 08:00:00,1.3
2012/07/02 16:00:00,1.33
2012/07/03 00:00:00,1.34
2012/07/03 08:00:00,1.35
2012/07/03 16:00:00,1.36
2012/07/04 00:00:00,1.36
2012/07/04 08:00:00,1.36
2012/07/04 16:00:00,1.37
2012/07/05 00:00:00,1.36
2012/07/05 08:00:00,1.35
2012/07/05 16:00:00,1.35
2012/07/06 00:00:00,1.35
2012/07/06 08:00:00,1.35
2012/07/06 16:00:00,1.35
2012/07/07 00:00:00,1.35
2012/07/07 08:00:00,1.34
2012/07/07 16:00:00,1.33
2012/07/08 00:00:00,1.33
2012/07/08 08:00:00,1.32
2012/07/08 16:00:00,1.32
2012/07/09 00:00:00,1.32
2012/07/09 08:00:00,1.32
2012/07/09 16:00:00,1.34
2012/07/10 00:00:00,1.35
2012/07/10 08:00:00,1.35
2012/07/10 16:00:00,1.35
2012/07/11 00:00:00,1.33
2012/07/20 00:00:00,1.19
2012/07/20 08:00:00,1.15
2012/07/20 16:00:00,1.15
2012/07/21 00:00:00,1.24
2012/07/21 08:00:00,1.26
2012/07/21 16:00:00,1.29
2012/07/22 00:00:00,1.3
2012/07/22 08:00:00,1.31
2012/07/22 16:00:00,1.32
2012/07/23 00:00:00,1.33
2012/07/23 08:00:00,1.32
2012/07/23 16:00:00,1.33
2012/07/24 00:00:00,1.34
2012/07/24 08:00:00,1.34
2012/07/24 16:00:00,1.34
2012/07/25 00:00:00,1.34
2012/07/25 08:00:00,1.34
2012/07/25 16:00:00,1.35
2012/07/26 00:00:00,1.35
2012/07/26 08:00:00,1.35
2012/07/26 16:00:00,1.35
2012/07/27 00:00:00,1.34
2012/07/27 08:00:00,1.33
2012/07/27 16:00:00,1.34
2012/07/28 00:00:00,1.34
2012/07/28 08:00:00,1.33
2012/07/28 16:00:00,1.34
2012/07/29 00:00:00,1.35
2012/07/29 08:00:00,1.35
2012/07/29 16:00:00,1.36
2012/07/30 00:00:00,1.36
2012/07/30 08:00:00,1.37
2012/07/30 16:00:00,1.37
2012/07/31 00:00:00,1.33
2012/07/31 08:00:00,1.27
2012/07/31 16:00:00,1.08
2012/08/01 00:00:00,1.03
2012/08/01 08:00:00,1.09
2012/08/01 16:00:00,1.11
2012/08/02 00:00:00,1.12
2012/08/02 08:00:00,1.11
2012/08/02 16:00:00,1.14
2012/08/03 00:00:00,1.16
2012/08/03 08:00:00,1.17
2012/08/03 16:00:00,1.19
2012/08/04 00:00:00,1.18
2012/08/04 08:00:00,1.18
2012/08/04 16:00:00,0.97
2012/08/05 00:00:00,0.98
2012/08/05 08:00:00,1.12
2012/08/05 16:00:00,1.18
2012/08/06 00:00:00,1.21
2012/08/06 08:00:00,1.22
2012/08/06 16:00:00,1.23
2012/08/07 00:00:00,1.22
2012/08/07 08:00:00,1.22
2012/08/07 16:00:00,1.23
2012/08/08 00:00:00,1.24
2012/08/08 08:00:00,1.25
2012/08/08 16:00:00,1.26
2012/08/09 00:00:00,1.27
2012/08/09 08:00:00,1.27
2012/08/09 16:00:00,1.28
2012/08/10 00:00:00,1.29
2012/08/10 08:00:00,1.29
2012/08/10 16:00:00,1.3
2012/08/11 00:00:00,1.31
2012/08/11 08:00:00,1.31
2012/08/11 16:00:00,1.31
2012/08/12 00:00:00,1.31
2012/08/12 08:00:00,1.32
2012/08/12 16:00:00,1.32
2012/08/13 00:00:00,1.32
2012/08/13 08:00:00,1.32
2012/08/13 16:00:00,1.32
2012/08/14 00:00:00,1.32
2012/08/14 08:00:00,1.32
2012/08/14 16:00:00,1.32
2012/08/15 00:00:00,1.33
2012/08/15 08:00:00,1.32
2012/08/15 16:00:00,1.33
2012/08/16 00:00:00,1.33
2012/08/16 08:00:00,1.33
2012/08/16 16:00:00,1.33
2012/08/17 00:00:00,1.34
2012/08/17 08:00:00,1.33
2012/08/17 16:00:00,1.33
2012/08/18 00:00:00,1.33
2012/08/18 08:00:00,1.33
2012/08/18 16:00:00,1.34
2012/08/19 00:00:00,1.34
2012/08/19 08:00:00,1.34
2012/08/19 16:00:00,1.34
2012/08/20 00:00:00,1.34
2012/08/20 08:00:00,1.34
2012/08/20 16:00:00,1.35
2012/08/21 00:00:00,1.32
2012/08/21 08:00:00,1.28
2012/08/21 16:00:00,1.07
2012/08/22 00:00:00,1.01
2012/08/22 08:00:00,1.03
2012/08/22 16:00:00,1.11
2012/08/23 00:00:00,1.13
2012/08/23 08:00:00,1.14
2012/08/23 16:00:00,1.16
2012/08/24 00:00:00,1.16
2012/08/24 08:00:00,1.16
2012/08/24 16:00:00,1.2
2012/08/25 00:00:00,1.22
2012/08/25 08:00:00,1.24
2012/08/25 16:00:00,1.26
2012/08/26 00:00:00,1.27
2012/08/26 08:00:00,1.28
2012/08/26 16:00:00,1.29
2012/08/27 00:00:00,1.31
2012/08/27 08:00:00,1.32
2012/08/27 16:00:00,1.33
2012/08/28 00:00:00,1.34
2012/08/28 08:00:00,1.35
2012/08/28 16:00:00,1.37
2012/08/29 00:00:00,1.38
2012/08/29 08:00:00,1.4
2012/08/29 16:00:00,1.41
2012/08/30 00:00:00,1.43
2012/08/30 08:00:00,1.44
2012/08/30 16:00:00,1.45
2012/08/31 00:00:00,1.46
2012/08/31 08:00:00,1.47
2012/08/31 16:00:00,1.48
2012/09/01 00:00:00,1.5
2012/09/01 08:00:00,1.51
2012/09/01 16:00:00,1.52
2012/09/02 00:00:00,1.5
2012/09/02 08:00:00,1.49
2012/09/02 16:00:00,1.51
2012/09/03 00:00:00,1.44
2012/09/03 08:00:00,1.55
2012/09/03 16:00:00,1.54
2012/09/04 00:00:00,1.54
2012/09/04 08:00:00,1.54
2012/09/04 16:00:00,1.56
2012/09/05 00:00:00,1.48
2012/09/05 08:00:00,1.52
2012/09/05 16:00:00,1.59
2012/09/06 00:00:00,1.6
2012/09/16 08:00:00,1.79
2012/09/16 16:00:00,1.8
2012/11/06 04:00:00,1.9
2012/11/07 04:00:00,1.9
2012/11/07 08:00:00,1.9
2012/11/07 12:00:00,1.89
2012/11/08 04:00:00,1.9
2012/11/08 08:00:00,1.9
2012/11/08 12:00:00,1.9
2012/11/09 04:00:00,1.91
2012/11/09 08:00:00,1.91
2012/11/09 12:00:00,1.9
2012/11/10 04:00:00,1.88
2012/11/10 08:00:00,1.9
2012/11/10 12:00:00,1.91
2012/11/11 04:00:00,1.72
2012/11/11 08:00:00,1.77
2012/11/11 12:00:00,1.82
2012/11/12 04:00:00,1.71
2012/11/12 08:00:00,1.71
2012/11/12 12:00:00,1.72
2012/11/13 04:00:00,1.72
2012/11/13 08:00:00,1.71
2012/11/13 12:00:00,1.71
2012/11/14 04:00:00,1.73
2012/11/14 08:00:00,1.72
2012/11/14 12:00:00,1.72
2012/11/15 04:00:00,1.74
2012/11/15 08:00:00,1.74
2012/11/15 12:00:00,1.73
2012/11/16 04:00:00,1.76
2012/11/16 08:00:00,1.76
2012/11/16 12:00:00,1.75
2012/11/17 04:00:00,1.78
2012/11/17 08:00:00,1.78
2012/11/17 12:00:00,1.77
2012/11/18 04:00:00,1.79
2012/11/18 08:00:00,1.79
2012/11/18 12:00:00,1.78
2012/11/19 04:00:00,1.81
2012/11/19 08:00:00,1.8
2012/11/19 12:00:00,1.8
2012/11/20 04:00:00,1.82
2012/11/20 08:00:00,1.82
2012/11/20 12:00:00,1.81
2012/11/21 04:00:00,1.83
2012/11/21 08:00:00,1.83
2012/11/21 12:00:00,1.82
2012/11/22 04:00:00,1.84
2012/11/22 08:00:00,1.84
2012/11/22 12:00:00,1.83
2012/11/23 04:00:00,1.86
2012/11/23 08:00:00,1.85
2012/11/23 12:00:00,1.85
2012/11/24 04:00:00,1.87
2012/11/24 08:00:00,1.86
2012/11/24 12:00:00,1.86
2012/11/25 04:00:00,1.87
2012/11/25 08:00:00,1.87
2012/11/25 12:00:00,1.87
2012/11/26 04:00:00,1.88
2012/11/26 08:00:00,1.88
2012/11/26 12:00:00,1.88
2012/11/27 04:00:00,1.88
2012/11/27 08:00:00,1.89
2012/11/27 12:00:00,1.89
2012/11/28 04:00:00,1.67
2012/11/28 08:00:00,1.79
2012/11/28 12:00:00,1.83
2012/11/29 04:00:00,1.58
2012/11/29 08:00:00,1.58
2012/11/29 12:00:00,1.6
2012/11/30 04:00:00,1.59
2012/11/30 08:00:00,1.59
2012/11/30 12:00:00,1.58
2012/12/01 04:00:00,1.61
2012/12/01 08:00:00,1.6
2012/12/01 12:00:00,1.6
2012/12/02 04:00:00,1.63
2012/12/02 08:00:00,1.63
2012/12/02 12:00:00,1.62
2012/12/03 04:00:00,1.66
2012/12/03 08:00:00,1.65
2012/12/03 12:00:00,1.64
2012/12/04 04:00:00,1.68
2012/12/04 08:00:00,1.67
2012/12/04 12:00:00,1.66
2012/12/05 04:00:00,1.7
2012/12/05 08:00:00,1.69
2012/12/05 12:00:00,1.69
2012/12/06 04:00:00,1.72
2012/12/06 08:00:00,1.71
2012/12/06 12:00:00,1.71
2012/12/07 04:00:00,1.73
2012/12/07 08:00:00,1.73
2012/12/07 12:00:00,1.72
2012/12/08 04:00:00,1.75
2012/12/08 08:00:00,1.74
2012/12/08 12:00:00,1.74
2012/12/09 04:00:00,1.77
2012/12/09 08:00:00,1.76
2012/12/09 12:00:00,1.76
2012/12/10 04:00:00,1.77
2012/12/10 08:00:00,1.78
2012/12/10 12:00:00,1.78
2012/12/11 04:00:00,1.8
2012/12/11 08:00:00,1.79
2012/12/11 12:00:00,1.78
2012/12/12 04:00:00,1.81
2012/12/12 08:00:00,1.8
2012/12/12 12:00:00,1.8
2012/12/13 04:00:00,1.82
2012/12/13 08:00:00,1.82
2012/12/13 12:00:00,1.82
2012/12/14 04:00:00,1.83
2012/12/14 08:00:00,1.82
2012/12/14 12:00:00,1.83
2012/12/15 04:00:00,1.84
2012/12/15 08:00:00,1.84
2012/12/15 12:00:00,1.84
2012/12/16 04:00:00,1.86
2012/12/16 08:00:00,1.85
2012/12/16 12:00:00,1.85
2012/12/17 04:00:00,1.86
2012/12/17 08:00:00,1.86
2012/12/17 12:00:00,1.86
2012/12/18 04:00:00,1.87
2012/12/18 08:00:00,1.87
2012/12/18 12:00:00,1.87
2012/12/19 04:00:00,1.88
2012/12/19 08:00:00,1.88
2012/12/19 12:00:00,1.88
2012/12/20 04:00:00,1.89
2012/12/20 08:00:00,1.89
2012/12/20 12:00:00,1.89
2012/12/21 04:00:00,1.9
2012/12/21 08:00:00,1.89
2012/12/21 12:00:00,1.89
2012/12/22 04:00:00,1.91
2012/12/22 08:00:00,1.9
2012/12/22 12:00:00,1.9
2012/12/23 04:00:00,1.91
2012/12/23 08:00:00,1.91
2012/12/23 12:00:00,1.91
2012/12/24 04:00:00,1.92
2012/12/24 08:00:00,1.92
2012/12/24 12:00:00,1.91
2012/12/25 04:00:00,1.92
2012/12/25 08:00:00,1.92
2012/12/25 12:00:00,1.92
2012/12/26 04:00:00,1.92
2012/12/26 08:00:00,1.92
2012/12/26 12:00:00,1.92
2012/12/27 04:00:00,1.92
2012/12/27 08:00:00,1.92
2012/12/27 12:00:00,1.92
2012/12/28 04:00:00,1.93
2012/12/28 08:00:00,1.93
2012/12/28 12:00:00,1.93
2012/12/29 04:00:00,1.93
2012/12/29 08:00:00,1.93
2012/12/29 12:00:00,1.93
2012/12/30 04:00:00,1.94
2012/12/30 08:00:00,1.94
2012/12/30 12:00:00,1.93
2012/12/31 04:00:00,1.94
2012/12/31 08:00:00,1.94
2012/12/31 12:00:00,1.94
2013/01/01 04:00:00,1.95
2013/01/01 08:00:00,1.95
2013/01/01 12:00:00,1.94
2013/01/02 12:00:00,1.95
2013/01/04 04:00:00,1.96
2013/01/04 08:00:00,1.95
2013/01/04 12:00:00,1.95
2013/01/05 04:00:00,1.96
2013/01/05 08:00:00,1.96
2013/01/05 12:00:00,1.96
2013/01/06 04:00:00,1.96
2013/01/06 08:00:00,1.96
2013/01/06 12:00:00,1.96
2013/01/07 04:00:00,1.97
2013/01/07 08:00:00,1.97
2013/01/07 12:00:00,1.97
2013/01/08 04:00:00,1.97
2013/01/08 08:00:00,1.97
2013/01/08 12:00:00,1.97
2013/01/09 04:00:00,1.98
2013/01/09 08:00:00,1.98
2013/01/09 12:00:00,1.97
2013/01/10 04:00:00,1.98
2013/01/10 08:00:00,1.98
2013/01/10 12:00:00,1.98
2013/01/11 04:00:00,1.98
2013/01/11 08:00:00,1.98
2013/01/11 12:00:00,1.98
2013/01/12 04:00:00,1.99
2013/01/12 08:00:00,1.99
2013/01/12 12:00:00,1.99
2013/01/13 04:00:00,1.99
2013/01/13 08:00:00,1.99
2013/01/13 12:00:00,1.99
2013/01/14 04:00:00,2.0
2013/01/14 08:00:00,2.0
2013/01/14 12:00:00,1.99
2013/01/15 04:00:00,2.0
2013/01/15 08:00:00,2.0
2013/01/15 12:00:00,2.0
2013/01/16 04:00:00,2.01
2013/01/16 08:00:00,2.0
2013/01/16 12:00:00,2.0
2013/01/17 04:00:00,2.01
2013/01/17 08:00:00,2.01
2013/01/17 12:00:00,2.01
2013/01/18 04:00:00,2.01
2013/01/18 08:00:00,2.01
2013/01/18 12:00:00,2.01
2013/01/19 04:00:00,2.02
2013/01/19 08:00:00,2.01
2013/01/19 12:00:00,2.01
2013/01/20 04:00:00,2.02
2013/01/20 08:00:00,2.02
2013/01/20 12:00:00,2.02
2013/01/21 04:00:00,2.01
2013/01/21 08:00:00,2.01
2013/01/21 12:00:00,2.02
2013/01/22 04:00:00,2.02
2013/01/22 08:00:00,2.01
2013/01/22 12:00:00,2.01
2013/01/23 04:00:00,2.02
2013/01/23 08:00:00,2.02
2013/01/23 12:00:00,2.02
2013/01/24 04:00:00,2.01
2013/01/24 08:00:00,2.01
2013/01/24 12:00:00,2.01
2013/01/25 04:00:00,2.01
2013/01/25 08:00:00,2.01
2013/01/25 12:00:00,2.01
2013/01/26 04:00:00,2.02
2013/01/26 08:00:00,2.01
2013/01/26 12:00:00,2.02
2013/01/27 04:00:00,2.02
2013/01/27 08:00:00,2.02
2013/01/27 12:00:00,2.02
2013/01/28 04:00:00,2.02
2013/01/28 08:00:00,2.02
2013/01/28 12:00:00,2.02
2013/01/29 04:00:00,2.02
2013/01/29 08:00:00,2.02
2013/01/29 12:00:00,2.02
2013/01/30 04:00:00,2.02
2013/01/30 08:00:00,2.02
2013/01/30 12:00:00,2.02
2013/01/31 04:00:00,2.02
2013/01/31 08:00:00,2.02
2013/01/31 12:00:00,2.02
2013/02/01 04:00:00,2.02
2013/02/01 08:00:00,2.02
2013/02/01 12:00:00,2.02
2013/02/02 04:00:00,2.02
2013/02/02 08:00:00,2.02
2013/02/02 12:00:00,2.02
2013/02/03 04:00:00,2.03
2013/02/03 08:00:00,2.02
2013/02/03 12:00:00,2.02
2013/02/04 04:00:00,2.03
2013/02/04 08:00:00,2.03
2013/02/04 12:00:00,2.03
2013/02/05 04:00:00,2.03
2013/02/05 08:00:00,2.03
2013/02/05 12:00:00,2.03
2013/02/06 04:00:00,2.03
2013/02/06 08:00:00,2.03
2013/02/06 12:00:00,2.03
2013/02/07 04:00:00,2.03
2013/02/07 08:00:00,2.03
2013/02/07 12:00:00,2.03
2013/02/08 04:00:00,2.04
2013/02/08 08:00:00,2.04
2013/02/08 12:00:00,2.04
2013/02/09 04:00:00,2.04
2013/02/09 08:00:00,2.04
2013/02/09 12:00:00,2.04
2013/02/10 04:00:00,2.04
2013/02/10 08:00:00,2.04
2013/02/10 12:00:00,2.04
2013/02/11 04:00:00,2.04
2013/02/11 08:00:00,2.04
2013/02/11 12:00:00,2.04
2013/02/12 04:00:00,2.05
2013/02/12 08:00:00,2.05
2013/02/12 12:00:00,2.05
2013/02/13 04:00:00,2.05
2013/02/13 08:00:00,2.05
2013/02/13 12:00:00,2.05
2013/02/14 04:00:00,2.05
2013/02/14 08:00:00,2.05
2013/02/14 12:00:00,2.05
2013/02/15 12:00:00,2.05
2013/02/17 04:00:00,2.06
2013/02/17 08:00:00,2.06
2013/02/17 12:00:00,2.06
2013/02/18 04:00:00,2.07
2013/02/18 08:00:00,2.06
2013/02/18 12:00:00,2.06
2013/02/19 04:00:00,2.07
2013/02/19 08:00:00,2.07
2013/02/19 12:00:00,2.07
2013/02/20 04:00:00,2.07
2013/02/20 08:00:00,2.07
2013/02/20 12:00:00,2.07
2013/02/21 04:00:00,2.07
2013/02/21 08:00:00,2.07
2013/02/21 12:00:00,2.07
2013/02/22 04:00:00,2.08
2013/02/22 08:00:00,2.07
2013/02/22 12:00:00,2.07
2013/02/23 04:00:00,2.08
2013/02/23 08:00:00,2.08
2013/02/23 12:00:00,2.08
2013/02/24 04:00:00,2.08
2013/02/24 08:00:00,2.08
2013/02/24 12:00:00,2.08
2013/02/25 04:00:00,2.07
2013/02/25 08:00:00,2.08
2013/02/25 12:00:00,2.08
2013/02/26 04:00:00,2.07
2013/02/26 08:00:00,2.07
2013/02/26 12:00:00,2.07
2013/02/27 04:00:00,2.07
2013/02/27 08:00:00,2.07
2013/02/27 12:00:00,2.07
2013/02/28 04:00:00,2.07
2013/02/28 08:00:00,2.07
2013/02/28 12:00:00,2.07
2013/03/01 04:00:00,2.07
2013/03/01 08:00:00,2.07
2013/03/01 12:00:00,2.07
2013/03/02 04:00:00,2.07
2013/03/02 08:00:00,2.07
2013/03/02 12:00:00,2.07
2013/03/03 04:00:00,2.08
2013/03/03 08:00:00,2.08
2013/03/03 12:00:00,2.08
2013/03/04 04:00:00,2.08
2013/03/04 08:00:00,2.08
2013/03/04 12:00:00,2.08
2013/03/05 04:00:00,2.08
2013/03/05 08:00:00,2.08
2013/03/05 12:00:00,2.08
2013/03/06 04:00:00,2.08
2013/03/06 08:00:00,2.08
2013/03/06 12:00:00,2.08
2013/03/07 04:00:00,2.04
2013/03/07 08:00:00,2.06
2013/03/07 12:00:00,2.07
2013/03/08 04:00:00,2.01
2013/03/08 08:00:00,2.02
2013/03/08 12:00:00,2.03
2013/03/09 04:00:00,1.97
2013/03/09 08:00:00,1.98
2013/03/09 12:00:00,1.99
2013/03/10 04:00:00,1.96
2013/03/10 08:00:00,1.96
2013/03/10 12:00:00,1.96
2013/03/11 04:00:00,1.95
2013/03/11 08:00:00,1.95
2013/03/11 12:00:00,1.96
2013/03/12 04:00:00,1.94
2013/03/12 08:00:00,1.95
2013/03/12 12:00:00,1.95
2013/03/13 04:00:00,1.92
2013/03/13 08:00:00,1.93
2013/03/13 12:00:00,1.93
2013/03/14 04:00:00,1.91
2013/03/14 08:00:00,1.91
2013/03/14 12:00:00,1.91
2013/03/15 04:00:00,1.9
2013/03/15 08:00:00,1.9
2013/03/15 12:00:00,1.9
2013/03/16 04:00:00,1.91
2013/03/16 08:00:00,1.91
2013/03/16 12:00:00,1.91
2013/03/17 04:00:00,1.91
2013/03/17 08:00:00,1.91
2013/03/17 12:00:00,1.91
2013/03/18 04:00:00,1.85
2013/03/18 08:00:00,1.88
2013/03/18 12:00:00,1.9
2013/03/19 04:00:00,1.83
2013/03/19 08:00:00,1.84
2013/03/19 12:00:00,1.84
2013/03/20 04:00:00,1.83
2013/03/20 08:00:00,1.83
2013/03/20 12:00:00,1.83
2013/03/21 04:00:00,1.84
2013/03/21 08:00:00,1.84
2013/03/21 12:00:00,1.84
2013/03/23 04:00:00,1.86
2013/03/23 08:00:00,1.85
2013/03/24 04:00:00,1.85
2013/03/24 08:00:00,1.86
2013/03/24 12:00:00,1.86
2013/03/25 04:00:00,1.74
2013/03/25 08:00:00,1.76
2013/03/25 12:00:00,1.79
2013/03/26 04:00:00,1.74
2013/03/26 08:00:00,1.74
2013/03/26 12:00:00,1.74
2013/03/27 04:00:00,1.74
2013/03/27 08:00:00,1.74
2013/03/27 12:00:00,1.74
2013/03/28 04:00:00,1.75
2013/03/28 08:00:00,1.75
2013/03/28 12:00:00,1.75
2013/03/29 04:00:00,1.76
2013/03/29 08:00:00,1.76
2013/03/29 12:00:00,1.75
2013/03/30 04:00:00,1.73
2013/03/30 08:00:00,1.77
2013/03/30 12:00:00,1.77
2013/03/31 04:00:00,1.72
2013/03/31 08:00:00,1.72
2013/03/31 12:00:00,1.72
2013/04/01 04:00:00,1.72
2013/04/01 08:00:00,1.72
2013/04/01 12:00:00,1.72
2013/04/02 04:00:00,1.74
2013/04/02 08:00:00,1.73
2013/04/02 12:00:00,1.73
2013/04/03 04:00:00,1.75
2013/04/03 08:00:00,1.75
2013/04/03 12:00:00,1.74
2013/04/04 04:00:00,1.77
2013/04/04 08:00:00,1.77
2013/04/04 12:00:00,1.76
2013/04/05 04:00:00,1.77
2013/04/05 08:00:00,1.77
2013/04/05 12:00:00,1.77
2013/04/06 04:00:00,1.78
2013/04/06 08:00:00,1.78
2013/04/06 12:00:00,1.77
2013/04/07 04:00:00,1.79
2013/04/07 08:00:00,1.79
2013/04/07 12:00:00,1.79
2013/04/08 04:00:00,1.8
2013/04/08 08:00:00,1.8
2013/04/08 12:00:00,1.8
2013/04/09 04:00:00,1.81
2013/04/09 08:00:00,1.81
2013/04/09 12:00:00,1.81
2013/04/10 04:00:00,1.82
2013/04/10 08:00:00,1.82
2013/04/10 12:00:00,1.82
2013/04/11 04:00:00,1.83
2013/04/11 08:00:00,1.83
2013/04/11 12:00:00,1.83
2013/04/12 04:00:00,1.84
2013/04/12 08:00:00,1.83
2013/04/12 12:00:00,1.83
2013/04/13 04:00:00,1.84
2013/04/13 08:00:00,1.84
2013/04/13 12:00:00,1.84
2013/04/14 04:00:00,1.85
2013/04/14 08:00:00,1.85
2013/04/14 12:00:00,1.84
2013/04/15 04:00:00,1.85
2013/04/15 08:00:00,1.85
2013/04/15 12:00:00,1.85
2013/04/16 04:00:00,1.86
2013/04/16 08:00:00,1.86
2013/04/16 12:00:00,1.86
2013/04/17 04:00:00,1.87
2013/04/17 08:00:00,1.87
2013/04/17 12:00:00,1.86
2013/04/18 04:00:00,1.87
2013/04/18 08:00:00,1.87
2013/04/18 12:00:00,1.87
2013/04/19 04:00:00,1.88
2013/04/19 08:00:00,1.88
2013/04/19 12:00:00,1.87
2013/04/20 04:00:00,1.89
2013/04/20 08:00:00,1.89
2013/04/20 12:00:00,1.88
2013/04/21 04:00:00,1.86
2013/04/21 08:00:00,1.87
2013/04/21 12:00:00,1.88
2013/04/22 04:00:00,1.85
2013/04/22 08:00:00,1.85
2013/04/22 12:00:00,1.85
2013/04/23 04:00:00,1.86
2013/04/23 08:00:00,1.86
2013/04/23 12:00:00,1.86
2013/04/24 04:00:00,1.85
2013/04/24 08:00:00,1.85
2013/04/24 12:00:00,1.87
2013/04/25 04:00:00,1.87
2013/04/25 08:00:00,1.87
2013/04/25 12:00:00,1.86
2013/04/26 04:00:00,1.87
2013/04/26 08:00:00,1.87
2013/04/26 12:00:00,1.87
2013/04/27 04:00:00,1.88
2013/04/27 08:00:00,1.87
2013/04/27 12:00:00,1.88
2013/04/28 04:00:00,1.89
2013/04/28 08:00:00,1.88
2013/04/28 12:00:00,1.88
2013/04/29 04:00:00,1.79
2013/04/29 08:00:00,1.86
2013/04/29 12:00:00,1.88
2013/04/30 04:00:00,1.73
2013/04/30 08:00:00,1.74
2013/04/30 12:00:00,1.76
2013/05/01 04:00:00,1.69
2013/05/01 08:00:00,1.7
2013/05/01 12:00:00,1.71
2013/05/02 04:00:00,1.66
2013/05/02 08:00:00,1.67
2013/05/02 12:00:00,1.68
2013/05/03 04:00:00,1.65
2013/05/03 08:00:00,1.65
2013/05/03 12:00:00,1.66
2013/05/04 04:00:00,1.64
2013/05/04 08:00:00,1.64
2013/05/04 12:00:00,1.65
2013/05/05 04:00:00,1.64
2013/05/05 08:00:00,1.64
2013/05/05 12:00:00,1.64
2013/05/06 04:00:00,1.62
2013/05/06 08:00:00,1.63
2013/05/06 12:00:00,1.63
2013/05/07 04:00:00,1.61
2013/05/07 08:00:00,1.62
2013/05/07 12:00:00,1.62
2013/05/08 04:00:00,1.6
2013/05/08 08:00:00,1.61
2013/05/08 12:00:00,1.61
2013/05/09 04:00:00,1.59
2013/05/09 08:00:00,1.59
2013/05/09 12:00:00,1.6
2013/05/10 04:00:00,1.57
2013/05/10 08:00:00,1.58
2013/05/10 12:00:00,1.58
2013/05/11 04:00:00,1.55
2013/05/11 08:00:00,1.55
2013/05/11 12:00:00,1.56
2013/05/12 04:00:00,1.52
2013/05/12 08:00:00,1.53
2013/05/12 12:00:00,1.54
2013/05/13 04:00:00,1.52
2013/05/13 08:00:00,1.52
2013/05/13 12:00:00,1.52
2013/05/14 04:00:00,1.51
2013/05/14 08:00:00,1.51
2013/05/14 12:00:00,1.51
2013/05/15 04:00:00,1.48
2013/05/15 08:00:00,1.5
2013/05/15 12:00:00,1.5
2013/05/16 04:00:00,1.42
2013/05/16 08:00:00,1.48
2013/05/16 12:00:00,1.49
2013/05/17 04:00:00,1.39
2013/05/17 08:00:00,1.39
2013/05/17 12:00:00,1.39
2013/05/18 04:00:00,1.38
2013/05/18 08:00:00,1.39
2013/05/18 12:00:00,1.39
2013/05/19 04:00:00,1.11
2013/05/19 08:00:00,1.07
2013/05/19 12:00:00,1.27
2013/05/20 04:00:00,1.17
2013/05/20 08:00:00,1.16
2013/05/20 12:00:00,1.14
2013/05/21 04:00:00,1.21
2013/05/21 08:00:00,1.21
2013/05/21 12:00:00,1.19
2013/05/22 04:00:00,1.21
2013/05/22 08:00:00,1.22
2013/05/22 12:00:00,1.2
2013/05/23 04:00:00,1.25
2013/05/23 08:00:00,1.24
2013/05/23 12:00:00,1.23
2013/05/24 04:00:00,1.28
2013/05/24 08:00:00,1.27
2013/05/24 12:00:00,1.26
2013/05/25 04:00:00,1.3
2013/05/25 08:00:00,1.29
2013/05/25 12:00:00,1.29
2013/05/26 04:00:00,1.32
2013/05/26 08:00:00,1.31
2013/05/26 12:00:00,1.31
2013/05/27 04:00:00,1.34
2013/05/27 08:00:00,1.33
2013/05/27 12:00:00,1.33
2013/05/28 04:00:00,1.36
2013/05/28 08:00:00,1.35
2013/05/28 12:00:00,1.35
2013/05/29 04:00:00,1.37
2013/05/29 08:00:00,1.37
2013/05/29 12:00:00,1.36
2013/05/30 04:00:00,1.39
2013/05/30 08:00:00,1.38
2013/05/30 12:00:00,1.38
2013/05/31 04:00:00,1.4
2013/05/31 08:00:00,1.4
2013/05/31 12:00:00,1.39
2013/06/01 04:00:00,1.41
2013/06/01 08:00:00,1.41
2013/06/01 12:00:00,1.4
2013/06/02 04:00:00,1.42
2013/06/02 08:00:00,1.42
2013/06/02 12:00:00,1.41
2013/06/03 04:00:00,1.42
2013/06/03 08:00:00,1.42
2013/06/03 12:00:00,1.42
2013/06/04 04:00:00,1.43
2013/06/04 08:00:00,1.43
2013/06/04 12:00:00,1.43
2013/06/05 04:00:00,1.42
2013/06/05 08:00:00,1.42
2013/06/05 12:00:00,1.43
2013/06/06 04:00:00,1.4
2013/06/06 08:00:00,1.4
2013/06/06 12:00:00,1.41
2013/06/07 04:00:00,1.39
2013/06/07 08:00:00,1.39
2013/06/07 12:00:00,1.4
2013/06/08 04:00:00,1.39
2013/06/08 08:00:00,1.39
2013/06/08 12:00:00,1.39
2013/06/09 04:00:00,1.39
2013/06/09 08:00:00,1.39
2013/06/09 12:00:00,1.38
2013/06/10 04:00:00,1.34
2013/06/10 08:00:00,1.34
2013/06/10 12:00:00,1.35
2013/06/11 04:00:00,1.35
2013/06/11 08:00:00,1.35
2013/06/11 12:00:00,1.35
2013/06/12 04:00:00,1.36
2013/06/12 08:00:00,1.36
2013/06/12 12:00:00,1.36
2013/06/13 04:00:00,1.37
2013/06/13 08:00:00,1.37
2013/06/13 12:00:00,1.37
2013/06/14 04:00:00,1.38
2013/06/14 08:00:00,1.38
2013/06/14 12:00:00,1.37
2013/06/15 04:00:00,1.38
2013/06/15 08:00:00,1.39
2013/06/15 12:00:00,1.38
2013/06/16 04:00:00,1.39
2013/06/16 08:00:00,1.39
2013/06/16 12:00:00,1.38
2013/06/17 04:00:00,1.39
2013/06/17 08:00:00,1.39
2013/06/17 12:00:00,1.38
2013/06/18 04:00:00,1.39
2013/06/18 08:00:00,1.39
2013/06/18 12:00:00,1.39
2013/06/19 04:00:00,1.39
2013/06/19 08:00:00,1.39
2013/06/19 12:00:00,1.39
2013/06/20 04:00:00,1.35
2013/06/20 08:00:00,1.37
2013/06/20 12:00:00,1.38
2013/06/21 04:00:00,1.04
2013/06/21 08:00:00,1.27
2013/06/21 12:00:00,1.32
2013/06/22 04:00:00,0.92
2013/06/22 08:00:00,1.03
2013/06/22 12:00:00,0.95
2013/06/23 04:00:00,1.03
2013/06/23 08:00:00,1.01
2013/06/23 12:00:00,0.93
2013/06/24 04:00:00,1.06
2013/06/24 08:00:00,1.05
2013/06/24 12:00:00,1.04
2013/06/25 04:00:00,1.14
2013/06/25 08:00:00,1.12
2013/06/25 12:00:00,1.09
2013/06/26 04:00:00,1.19
2013/06/26 08:00:00,1.17
2013/06/26 12:00:00,1.16
2013/06/27 04:00:00,1.22
2013/06/27 08:00:00,1.21
2013/06/27 12:00:00,1.2
2013/06/28 04:00:00,1.25
2013/06/28 08:00:00,1.24
2013/06/28 12:00:00,1.23
2013/06/29 04:00:00,1.26
2013/06/29 08:00:00,1.26
2013/06/29 12:00:00,1.26
2013/06/30 04:00:00,1.28
2013/06/30 08:00:00,1.27
2013/06/30 12:00:00,1.27
2013/07/01 04:00:00,1.29
2013/07/01 08:00:00,1.28
2013/07/01 12:00:00,1.28
2013/07/02 04:00:00,1.31
2013/07/02 08:00:00,1.3
2013/07/02 12:00:00,1.29
2013/07/03 04:00:00,1.32
2013/07/03 08:00:00,1.31
2013/07/03 12:00:00,1.31
2013/07/04 04:00:00,1.33
2013/07/04 08:00:00,1.32
2013/07/04 12:00:00,1.32
2013/07/05 04:00:00,1.34
2013/07/05 08:00:00,1.34
2013/07/05 12:00:00,1.33
2013/07/06 04:00:00,1.35
2013/07/06 08:00:00,1.34
2013/07/06 12:00:00,1.34
2013/07/07 04:00:00,1.35
2013/07/07 08:00:00,1.35
2013/07/07 12:00:00,1.35
2013/07/08 04:00:00,1.35
2013/07/08 08:00:00,1.35
2013/07/08 12:00:00,1.35
2013/07/09 04:00:00,1.35
2013/07/09 08:00:00,1.35
2013/07/09 12:00:00,1.35
2013/07/10 04:00:00,1.32
2013/07/10 08:00:00,1.33
2013/07/10 12:00:00,1.34
2013/07/11 04:00:00,0.88
2013/07/11 08:00:00,1.19
2013/07/11 12:00:00,1.27
2013/07/12 04:00:00,0.94
2013/07/12 08:00:00,0.86
2013/07/12 12:00:00,0.84
2013/07/13 04:00:00,1.02
2013/07/13 08:00:00,1.0
2013/07/13 12:00:00,0.98
2013/07/14 04:00:00,1.08
2013/07/14 08:00:00,1.05
2013/07/14 12:00:00,1.04
2013/07/15 04:00:00,1.14
2013/07/15 08:00:00,1.12
2013/07/15 12:00:00,1.1
2013/07/16 04:00:00,1.15
2013/07/16 08:00:00,1.15
2013/07/16 12:00:00,1.14
2013/07/17 04:00:00,1.17
2013/07/17 08:00:00,1.18
2013/07/17 12:00:00,1.16
2013/07/18 04:00:00,1.1
2013/07/18 08:00:00,1.19
2013/07/18 12:00:00,1.18
2013/07/19 04:00:00,1.16
2013/07/19 08:00:00,1.14
2013/07/19 12:00:00,1.11
2013/07/20 04:00:00,1.19
2013/07/20 08:00:00,1.18
2013/07/20 12:00:00,1.17
2013/07/21 04:00:00,1.22
2013/07/21 08:00:00,1.21
2013/07/21 12:00:00,1.2
2013/07/22 04:00:00,1.24
2013/07/22 08:00:00,1.24
2013/07/22 12:00:00,1.23
2013/07/23 04:00:00,1.26
2013/07/23 08:00:00,1.25
2013/07/23 12:00:00,1.25
2013/07/24 04:00:00,1.27
2013/07/24 08:00:00,1.27
2013/07/24 12:00:00,1.26
2013/07/25 04:00:00,1.28
2013/07/25 08:00:00,1.28
2013/07/25 12:00:00,1.28
2013/07/26 04:00:00,1.29
2013/07/26 08:00:00,1.29
2013/07/26 12:00:00,1.28
2013/07/27 04:00:00,1.29
2013/07/27 08:00:00,1.29
2013/07/27 12:00:00,1.29
2013/07/28 04:00:00,1.29
2013/07/28 08:00:00,1.28
2013/07/28 12:00:00,1.29
2013/07/29 04:00:00,1.26
2013/07/29 08:00:00,1.29
2013/07/29 12:00:00,1.29
2013/07/30 04:00:00,1.24
2013/07/30 08:00:00,1.24
2013/07/30 12:00:00,1.24
2013/07/31 04:00:00,1.25
2013/07/31 08:00:00,1.24
2013/07/31 12:00:00,1.24
2013/08/01 04:00:00,1.26
2013/08/01 08:00:00,1.25
2013/08/01 12:00:00,1.25
2013/08/02 04:00:00,1.27
2013/08/02 08:00:00,1.27
2013/08/02 12:00:00,1.26
2013/08/03 04:00:00,1.28
2013/08/03 08:00:00,1.27
2013/08/03 12:00:00,1.27
2013/08/04 04:00:00,1.28
2013/08/04 08:00:00,1.28
2013/08/04 12:00:00,1.28
2013/08/05 04:00:00,1.28
2013/08/05 08:00:00,1.28
2013/08/05 12:00:00,1.28
2013/08/06 08:00:00,1.23
2013/08/06 12:00:00,1.26
2013/08/08 08:00:00,1.3
2013/08/09 12:00:00,1.2
2013/08/10 04:00:00,1.19
2013/08/11 12:00:00,1.15
2013/08/13 04:00:00,0.85
2013/08/13 08:00:00,0.76
2013/08/13 12:00:00,0.69
2013/08/14 04:00:00,0.84
2013/08/14 08:00:00,0.89
2013/08/14 12:00:00,0.85
2013/08/15 04:00:00,0.92
2013/08/15 08:00:00,0.87
2013/08/15 12:00:00,0.85
2013/08/16 04:00:00,1.04
2013/08/16 08:00:00,1.04
2013/08/16 12:00:00,0.95
2013/08/17 04:00:00,1.17
2013/08/17 08:00:00,1.16
2013/08/17 12:00:00,1.12
2013/08/18 04:00:00,1.19
2013/08/18 08:00:00,1.19
2013/08/18 12:00:00,1.18
2013/08/19 04:00:00,1.21
2013/08/19 08:00:00,1.2
2013/08/19 12:00:00,1.2
2013/08/20 04:00:00,1.22
2013/08/20 08:00:00,1.22
2013/08/20 12:00:00,1.21
2013/08/21 04:00:00,1.02
2013/08/21 08:00:00,1.22
2013/08/21 12:00:00,1.23
2013/08/22 04:00:00,1.02
2013/08/22 08:00:00,0.98
2013/08/22 12:00:00,0.95
2013/08/23 04:00:00,1.06
2013/08/23 08:00:00,1.05
2013/08/23 12:00:00,1.03
2013/08/24 04:00:00,1.13
2013/08/24 08:00:00,1.11
2013/08/24 12:00:00,1.09
2013/08/25 04:00:00,1.05
2013/08/25 08:00:00,1.0
2013/08/25 12:00:00,1.0
2013/08/26 04:00:00,1.12
2013/08/26 08:00:00,1.11
2013/08/26 12:00:00,1.08
2013/08/27 04:00:00,1.14
2013/08/27 08:00:00,1.11
2013/08/27 12:00:00,1.12
2013/08/28 04:00:00,1.19
2013/08/28 08:00:00,1.17
2013/08/28 12:00:00,1.16
2013/08/29 04:00:00,1.23
2013/08/29 08:00:00,1.21
2013/08/29 12:00:00,1.2
2013/08/30 04:00:00,1.27
2013/08/30 08:00:00,1.26
2013/08/30 12:00:00,1.24
2013/08/31 04:00:00,1.3
2013/08/31 08:00:00,1.29
2013/08/31 12:00:00,1.28
